name	country	age	gender	playcount	type
GunsofBrixton1	United Kingdom	0	m	6180	user
MasterHouze	Brazil	0	m	3682	user
aeyn	United States	0	f	36887	user
bobwalsh0410	United States	0	m	18192	user
barbett	Germany	0	m	37593	user
lesamants	Chile	0	f	9757	user
madmatt109	United States	0	m	2188	user
isacregon	Brazil	0	f	122115	user
BillyB51	United States	0	m	47621	user
LeftyFretz	United Kingdom	0	m	32823	user
czajnatee	Poland	0	m	53847	user
ngent	United Kingdom	0	m	4574	user
dollton	Japan	0	m	142490	user
kobranocka88	Poland	0	f	87523	user
jamalahmed	Russian Federation	0	n	2008	user
Dr-Strangelove-	Germany	0	m	25792	user
mcmatten	Germany	0	m	41216	user
Siper2k	Germany	0	m	11468	user
jgabur	Costa Rica	0	m	10024	user
ElectroSamurai	Ukraine	0	m	40008	user
RitaaC	Portugal	0	f	18501	user
OldMetalHeart	United States	0	f	21751	user
yurrocks	Brazil	0	m	62462	user
FuManDru	United Kingdom	0	m	85513	user
engel_dfr	Ukraine	0	f	45816	user
butcheee	Canada	0	m	39029	user
princessotw	United States	0	f	50655	user
ozcar_e	Venezuela	0	m	36692	user
Darkhymn	United States	0	m	62376	user
zicoay	Indonesia	0	m	2269	user
hedgecore87	United States	0	m	71240	user
DianWei	United Kingdom	0	n	31575	user
SeamusMeamus	United Kingdom	0	m	40344	user
vorke	Germany	0	m	40203	user
Brown_Vint	Ukraine	0	m	16708	user
curtametragem	Portugal	0	f	53989	user
Aramek	Poland	0	m	44915	user
Pablik213	Poland	0	m	1792	user
Soulstitia	France	0	f	43045	user
maksi893	Poland	0	m	48580	user
rafaelpadu	Brazil	0	m	48358	user
ordodraconis	Australia	0	m	32085	user
grzeit	Argentina	0	m	10057	user
hymengrinder	United Kingdom	0	f	9272	user
Guvinho	Brazil	0	m	30654	user
catchermelan	United States	0	n	65925	user
G-Ass-Nigga	United States	0	m	120378	user
Dinoo17	Poland	0	m	1608	user
ajleece	New Zealand	0	m	26906	user
moningstar	Ukraine	0	m	30290	user
beardhammer	United States	0	m	8745	user
baza92	Poland	0	m	61768	user
imbalon	Russian Federation	0	m	10110	user
gjbijzet	Netherlands	0	m	14526	user
hramat	Germany	0	n	124298	user
dawson1990	United Kingdom	0	m	17992	user
tilly_stratford	Norway	0	f	100030	user
bananaman229	Ukraine	0	m	14511	user
cjd33	Czech Republic	0	m	39681	user
deafbrat	Singapore	0	n	4102	user
qubixxx	Germany	0	f	15467	user
Magna_Deus	United Kingdom	0	n	8316	user
curseyoursoul	United States	0	f	6337	user
LuUiiiZzO	United States	0	m	108674	user
FDDT	Mexico	0	m	268154	user
merugo	United States	0	m	281780	user
paralosarboless	Chile	0	f	8206	user
iansandlin	United States	0	n	1995	user
SphsFlrbrd	Canada	0	m	17092	user
DuduDorscheidt	Brazil	0	m	110015	user
SurvivorZer0	Brazil	0	m	232881	user
tweek7684	United States	0	m	28001	user
irozwad	Poland	0	m	18162	user
poweroflies	Poland	0	f	28083	user
teenst	Japan	0	m	30360	user
ruu_synthesuzer	Japan	0	m	11133	user
fabisiowa	Poland	0	f	37019	user
alibalighi	Iran, Islamic Republic of	0	m	3476	user
Parkrocker	Germany	0	m	38806	user
Epistoteles	Germany	0	m	8067	user
patheticmoleste	Germany	0	f	12722	user
Theresa_Dunn	Costa Rica	0	f	23615	user
starla747	Costa Rica	0	f	66140	user
jiiimmmyyyy	United States	0	m	79962	user
InMyTimeOfDying	Belgium	0	m	94505	user
cafiraimundo669	Portugal	0	m	10706	user
Alicksryte	United Kingdom	0	m	120355	user
quitecomely	United States	0	m	68269	user
cacosdevidro	Brazil	0	f	34495	user
pherella	United Kingdom	0	f	1890	user
Wheasok	Russian Federation	0	f	1834	user
Genij_Ja	Russian Federation	0	f	7181	user
Yuri_Sagalovich	Belarus	0	m	16124	user
mylittlejillian	United States	0	f	23847	user
rivero	Canada	0	F	2127	user
ricarditocont	Venezuela	0	m	151215	user
patrick_stone	Russian Federation	0	m	64727	user
axemankd	United States	0	m	9784	user
noelpurba12	Indonesia	0	m	34055	user
Anjarbepe	Indonesia	0	m	6190	user
shellyd86	United States	0	f	56198	user
jckebs1	Brazil	0	m	27607	user
EvileOL	United Kingdom	0	m	12168	user
jadedevil	Qatar	0	f	17449	user
abeliaaden	United Kingdom	0	f	45829	user
Lady_Electro	Russian Federation	0	f	23472	user
Kornfileyk	Turkey	0	f	113705	user
jewish_ginger	Poland	0	f	53411	user
becuZz	Poland	0	m	8363	user
gradhlon	France	0	m	19016	user
dariobarbosa	Brazil	0	m	36890	user
danbatalha	Brazil	0	m	10362	user
pobreleno	Spain	0	m	80565	user
totorozine	Chile	0	m	21892	user
Oblivionized	United Kingdom	0	m	20575	user
stevenkeys	Canada	0	m	229270	user
gnooomo	Brazil	0	m	8597	user
nitroburner	Turkey	0	m	10388	user
TheRoyalNL	Netherlands	0	n	2836	user
DeadSprites	New Zealand	0	m	38073	user
Synapsyche	Italy	0	n	4965	user
arodinket	United States	0	n	19235	user
Ispacemanl	United States	0	m	24012	user
Tomiblax	Poland	0	m	12966	user
ginseng_tea	Russian Federation	0	f	4828	user
soffysoffy	Russian Federation	0	f	128217	user
jeisaacs	United Kingdom	0	m	34484	user
mark_fawcett	United Kingdom	0	m	3875	user
trcl	Norway	0	m	39368	user
SisterChaos	Canada	0	f	11913	user
Luczynka	Czech Republic	0	f	65166	user
Matutka	Czech Republic	0	m	38439	user
LovisMusic	Germany	0	m	60454	user
UnquietNights	United Kingdom	0	m	33747	user
olipus	United Kingdom	0	n	261371	user
mazaroony10	United Kingdom	0	m	91687	user
derpetrator	United States	0	n	90011	user
MarineShape	Russian Federation	0	n	40195	user
camidorsi	Argentina	0	f	12705	user
Apophenix	Mexico	0	m	37274	user
theotherjordan	United States	0	m	49499	user
matthewmonk	United Kingdom	0	m	124167	user
fryfender	Chile	0	m	94243	user
barkjon	United States	0	m	27490	user
Ehlioo	Italy	0	m	10171	user
rnnieradke	Brazil	0	f	8451	user
alegiance	United States	0	m	34465	user
shoujokiss	France	0	m	20913	user
RomulloRipoll	Brazil	0	m	51470	user
eg0n	United States	0	m	12202	user
heater612	United States	0	F	9670	user
trelamorela	Poland	0	f	1310	user
PencilBoyRecord	Argentina	0	n	4319	user
tokomakoo	Japan	0	n	6177	user
abnoos	Hungary	0	f	14225	user
fateme-payande	Iran, Islamic Republic of	0	f	3143	user
Johannes-zinser	Austria	0	m	23436	user
Irmhild	Germany	0	f	16220	user
KatriiKillsYou	Germany	0	f	83507	user
Luisaxon	Costa Rica	0	m	65216	user
Pcebcas	Chile	0	m	1283	user
socialPsyence	United States	0	m	115001	user
nati24k	Costa Rica	0	n	33744	user
stiv	Bulgaria	0	m	116038	user
charliepfaff	United States	0	n	10038	user
mrpulcher	United States	0	n	148232	user
Jingo9000	Mexico	0	m	25786	user
RitainHell	Portugal	0	f	86903	user
mvolchitsa	Portugal	0	f	10363	user
karlizkannibal	Mexico	0	f	129136	user
paranoid1	Brazil	0	n	58711	user
meohmycaroline	United Kingdom	0	f	9337	user
noisia	Canada	0	m	52380	user
Agusplayer	Argentina	0	f	64393	user
dief2	Venezuela	0	m	23861	user
Julienislonely	Ukraine	0	m	58831	user
TheLived	Germany	0	m	10885	user
OverBK	Indonesia	0	m	10485	user
andrironaldo	Indonesia	0	m	14273	user
ditheringditch	Indonesia	0	m	17413	user
gitaputri	Indonesia	0	f	2013	user
HDiamond007	United States	0	m	18107	user
LadyAnnik	United States	0	f	76344	user
Tradzhano	Brazil	0	n	48970	user
andrepyk	Belarus	0	m	81161	user
kimdestuction	United States	0	f	14401	user
Khaotic077	Mexico	0	m	27658	user
LorryFoster	United Kingdom	0	m	59964	user
studmanis	United States	0	m	353569	user
Evelynn_	Brazil	0	f	36825	user
otvesnayaliniya	Russian Federation	0	m	12064	user
elena_diablo	Russian Federation	0	f	23324	user
tellefraabe	Norway	0	m	4890	user
erdicolpan	United States	0	n	87514	user
BlindDecember	Poland	0	m	5200	user
Zavijah-	France	0	f	1045	user
mauabucvideos	Brazil	0	m	53110	user
Poserloser	Brazil	0	f	10568	user
skatsilis	Brazil	0	f	7755	user
pajeh	Brazil	0	f	46455	user
SuchBadBoy	Italy	0	m	71948	user
pbmkendall	United States	0	m	14618	user
gabviegas	Brazil	0	m	15102	user
Metalhead-Caner	Turkey	0	m	128684	user
ZoLBaN	Turkey	0	m	44403	user
crowds_outside	Ukraine	0	m	5308	user
Gelbautomat	Germany	0	m	22404	user
ahney	New Zealand	0	m	116832	user
saladtime	New Zealand	0	n	3087	user
VikkyRomanova	Russian Federation	0	f	75394	user
differencelm	Estonia	0	n	66447	user
mriopls	Austria	0	m	9289	user
aliqvidnovi	Chile	0	f	33131	user
Esterk723	United States	0	m	48754	user
mantrasiva	Italy	0	m	112516	user
bennick666	Germany	0	m	44909	user
bukowss	Turkey	0	m	44245	user
elliot-jg	United Kingdom	0	m	56280	user
lightb4sound	United Kingdom	0	m	2216	user
-Putty-	United Kingdom	0	m	36270	user
Anvil_Pinata	United Kingdom	0	m	104275	user
pumato	Denmark	0	m	14971	user
molasses	Norway	0	m	64142	user
sigmunmowinckel	Norway	0	n	28386	user
blackmarketbaby	United States	0	m	43140	user
Lustforlife222	Czech Republic	0	m	43918	user
zajdaczek	Czech Republic	0	f	31738	user
himmelcz	Czech Republic	0	m	28323	user
misak_4fun	Czech Republic	0	m	3581	user
SarahForgot	United States	0	f	36349	user
gold_pants	Poland	0	f	131801	user
cooldude32	United States	0	m	90451	user
innsimbi	Poland	0	f	6270	user
lttrstonowhere	Ukraine	0	m	43448	user
MaikMoreira	Brazil	0	m	92238	user
seawar	United States	0	f	15233	user
evdokiya_bu	Russian Federation	0	n	15100	user
Popsun	Russian Federation	0	m	53228	user
m4rtina_	Argentina	0	f	21191	user
Pride1Prejudice	Ukraine	0	f	17415	user
JennyPadawan	Mexico	0	f	9079	user
davwi	Brazil	0	m	10539	user
juditseb	Spain	0	f	4369	user
AndreBaffo	Italy	0	m	39101	user
Ivar91	Norway	0	m	79441	user
maarciorogerio	Brazil	0	m	97719	user
brunorkz	Brazil	0	m	18256	user
juhansen	Brazil	0	f	14120	user
victorpopa	Portugal	0	m	76383	user
Jeff_Serozini	Brazil	0	m	63276	user
infectedmodes	Mexico	0	f	158995	user
TiberiusKirk	Poland	0	m	30903	user
staytune	Poland	0	m	64875	user
Ulise-ses	Mexico	0	m	68203	user
Victor_Orb	Belarus	0	m	109516	user
mametora	Japan	0	m	77535	user
gioprimus	United Kingdom	0	m	191579	user
najafabadi	Iran, Islamic Republic of	0	m	43853	user
setarekhamoush	United States	0	n	10868	user
shimahoss	Iran, Islamic Republic of	0	n	6855	user
Sarolf	Germany	0	m	98952	user
KonataChen	Germany	0	f	8505	user
GREW89	Germany	0	m	82801	user
biacr	Costa Rica	0	f	41472	user
iin_ddy	Brazil	0	f	23143	user
carlangas2319	Chile	0	m	80441	user
SillyKateFace	South Africa	0	f	2861	user
st-------	Netherlands	0	f	13794	user
albertogirato	Costa Rica	0	m	100509	user
eggtaaa	Costa Rica	0	m	40106	user
PandaCyclops	Brazil	0	m	45509	user
k6morris	Italy	0	m	22931	user
EmmettNorthJr	United States	0	m	94931	user
lukasz_pulawski	United Kingdom	0	m	125854	user
christopher_jrm	Portugal	0	m	25229	user
sandi909	Indonesia	0	m	55332	user
kurkobain_adolf	Mexico	0	m	127220	user
pepemaan	Mexico	0	m	61402	user
zhelnerovich	Canada	0	n	56811	user
Still-Your-Fag	United Kingdom	0	m	65068	user
stayloose_	United Kingdom	0	f	120021	user
whalingpreps	United States	0	f	77444	user
aggieQAQ	China	0	f	24274	user
BrendaPinheiro	Brazil	0	f	85256	user
conuttwo84	Venezuela	0	f	65441	user
manu1756	France	0	m	1164	user
captainskydiver	Germany	0	n	25081	user
Silvester85	Germany	0	f	29075	user
Alessa-Lesly	Indonesia	0	f	22251	user
ojaanojaan	Indonesia	0	m	30052	user
irwanarfandi	Indonesia	0	m	22756	user
saras008	Indonesia	0	f	53243	user
GabeAdzani	Indonesia	0	f	16511	user
PradCB	Indonesia	0	m	4870	user
KOINmedia	Indonesia	0	n	1257	user
Red_Traces	United States	0	n	3552	user
AGutxi	Spain	0	m	209937	user
Overkillerrock	Brazil	0	m	48120	user
flaviovigatto	Brazil	0	m	157885	user
rov3	Mexico	0	m	24583	user
kelseyparks	United States	0	n	99749	user
KimDestructo	United States	0	f	3325	user
Olexii_Kazakov	Ukraine	0	m	254933	user
flavouredlights	Spain	0	m	12626	user
YazMackney	United Kingdom	0	f	28557	user
GagAlcibiade	Belgium	0	n/a	92980	user
Naivemagic	Brazil	0	f	17610	user
showellkaren	United States	0	f	24376	user
little_strange	Russian Federation	0	f	40876	user
paraloh	Russian Federation	0	f	5479	user
Tobo-Potato	Norway	0	m	91931	user
Julliki	Russian Federation	0	f	10663	user
cycledelic	Turkey	0	m	74831	user
trizpaula	Brazil	0	f	34603	user
jennycebola	Brazil	0	f	58406	user
victor0930	Brazil	0	m	202460	user
xmima	Brazil	0	f	3168	user
nimixx	Brazil	0	m	3401	user
LittleO2	Italy	0	m	27210	user
Kujakko	Italy	0	m	81212	user
SuzanaVieira	Brazil	0	n	114218	user
ThirstLight	United Kingdom	0	m	3689	user
carolkrause_	Brazil	0	f	3435	user
ayranne	Brazil	0	f	62263	user
ottorwaefre	Turkey	0	m	28970	user
andarock	Finland	0	m	49427	user
crossxzor	Turkey	0	m	56056	user
TolyanCyclops	Russian Federation	0	f	4045	user
yoyomariam	New Zealand	0	f	46947	user
cnyslh	Canada	0	n	3177	user
Praestantes	Russian Federation	0	f	16339	user
annrvclw	Russian Federation	0	n	8758	user
pvmnt	Korea, Republic of	0	f	166277	user
MarinosRevenant	Greece	0	m	22824	user
LidaOklei	Russian Federation	0	n	22302	user
soffysoffy	Russian Federation	0	f	128218	user
Flying-Doctor	Germany	0	m	190958	user
funkydory89	Germany	0	f	31585	user
pxele	Poland	0	f	27435	user
stcallen	United Kingdom	0	m	139798	user
dcjarvis	United Kingdom	0	m	7114	user
LittleMrJorge	United Kingdom	0	m	17372	user
Pixieelle_Photo	United Kingdom	0	f	2113	user
Krusedull	Norway	0	m	79490	user
zeitgeisth	United Kingdom	0	f	37219	user
Hildekk	Norway	0	f	53636	user
MarcosAller	Argentina	0	m	15811	user
hellscent	Czech Republic	0	f	75979	user
supportidiots	Czech Republic	0	f	59596	user
LimOnchick	Russian Federation	0	n	74055	user
aero64	Czech Republic	0	m	13733	user
ato3	Czech Republic	0	m	47873	user
Batista_Jonas	Brazil	0	m	64477	user
Rodhina	Brazil	0	n	101288	user
James_Orthas	France	0	m	13284	user
FraiKrosovkin	Russian Federation	0	m	3753	user
amiino4ka	Ukraine	0	f	4866	user
sannamari-	Finland	0	f	21222	user
JordanMatondo	United Kingdom	0	m	59757	user
kotapriveta	Russian Federation	0	f	9994	user
christinkinney	Belarus	0	f	3336	user
radioraketa	Russian Federation	0	n	265463	user
WhoTylerDerden	Russian Federation	0	m	102983	user
ericsonolsen	Argentina	0	m	150070	user
emreozanalkan	France	0	m	49966	user
johan_colli	Mexico	0	m	11022	user
KikiSuruvkova	Czech Republic	0	f	93102	user
arthcaps	Brazil	0	m	19229	user
Zuziek33	Poland	0	f	14325	user
jv_cardozo	Brazil	0	m	64848	user
GrindAlex	Italy	0	m	3992	user
Lastviolation	Italy	0	n	14577	user
new_182	Chile	0	m	75655	user
sebadonoso	Chile	0	m	110002	user
douglashd3	Brazil	0	m	88619	user
MalikondaLover	Brazil	0	m	85527	user
thigswag	Brazil	0	m	36288	user
jjonas_11	Brazil	0	m	15487	user
rafal_gwo	Poland	0	m	15052	user
sandrusiu	Poland	0	f	105246	user
zukerino	Poland	0	m	1026	user
jolhdez	Mexico	0	m	60994	user
Ivan_D-Van	Russian Federation	0	m	148230	user
Stjernefodt	Russian Federation	0	f	94162	user
matson36	Hong Kong	0	n	38749	user
Assasin93	Poland	0	m	80587	user
Ferestade	Iran, Islamic Republic of	0	m	202577	user
ZanaRashidii	Iran, Islamic Republic of	0	m	6471	user
sahba_08	Germany	0	m	73740	user
Arman2o	Germany	0	m	33733	user
Rhinoceroditae	Germany	0	f	10030	user
AlissaWhiteGluz	Poland	0	f	31547	user
KatekYonni	Germany	0	m	32118	user
Classicvs	Costa Rica	0	m	15000	user
Jim889	United Kingdom	0	m	110097	user
rayodilunar	Chile	0	m	10966	user
vivalaveraa	Netherlands	0	f	80774	user
chiscoso	Costa Rica	0	m	56080	user
mandrelopez	Chile	0	m	8973	user
arieffauzan	Indonesia	0	m	3905	user
EyesAsLenses	Macedonia	0	m	20245	user
RitainHell	Portugal	0	f	86904	user
Thrasherized	Mexico	0	f	91843	user
CaMeVexe	Poland	0	f	13845	user
Surrealname	Hungary	0	m	44156	user
ccadavi1	Colombia	0	m	259346	user
archick	Russian Federation	0	m	29393	user
aironberg	Venezuela	0	m	17926	user
celticffrost	Russian Federation	0	f	23194	user
feels_like_shit	Germany	0	m	102794	user
eviephee	Indonesia	0	f	68768	user
Oimel1980	Germany	0	m	79022	user
schnabelteller	Germany	0	n	8109	user
icun_	Indonesia	0	m	112239	user
devaas	Indonesia	0	m	22557	user
fennyfee	Indonesia	0	f	99683	user
ErwinFebriyan	Indonesia	0	m	277221	user
ayasjoni	Indonesia	0	m	9790	user
dhitorable	Indonesia	0	m	15081	user
dionisiusdino	Indonesia	0	m	26034	user
abyanpratama	Indonesia	0	m	31579	user
ashrief	Indonesia	0	m	102236	user
Wildan182	Indonesia	0	m	57630	user
novritadeputri	Indonesia	0	f	1384	user
hizbullohhk	Indonesia	0	m	8402	user
bia-dreams	Romania	0	n	32851	user
yoyokcendolz	Indonesia	0	m	2696	user
rakhimov	United Kingdom	0	m	19983	user
arrowsparrow	Italy	0	f	109359	user
crapulamx	Mexico	0	m	84122	user
Alynie	Portugal	0	f	93286	user
supertalas	Poland	0	m	16893	user
Lipsss89	Croatia	0	m	3932	user
killyridol	Spain	0	f	17348	user
Jailbaiter	United Kingdom	0	m	58018	user
selecteternal	United Kingdom	0	m	14599	user
slbcarlitos	Portugal	0	m	95769	user
ArtVick	Russian Federation	0	f	19184	user
Alexokol	Russian Federation	0	m	17748	user
makvs	Belarus	0	m	2046	user
jthire	Norway	0	m	26410	user
ksolli	Norway	0	m	26271	user
KimuraKiri	Russian Federation	0	n	30153	user
k0ntrabandistka	Russian Federation	0	f	16964	user
sinanhkal	Turkey	0	m	58570	user
mecklenberg	Turkey	0	f	22577	user
Gashcadarn	Netherlands	0	m	111668	user
Stepsen	Austria	0	f	21887	user
DIMENSIONSRL	Italy	0	n	5589	user
LesterBangs85	Italy	0	m	21824	user
inamist	Mexico	0	m	52379	user
volkyt	Turkey	0	m	71109	user
stuckinthewaltz	Turkey	0	f	44896	user
furkanoztekin	Turkey	0	m	23425	user
jervander	Netherlands	0	m	65556	user
AlexRatedR	Mexico	0	m	5851	user
Grogdal	Montenegro	0	m	83711	user
AntonyPain	Russian Federation	0	m	34624	user
LucDr	Russian Federation	0	m	47174	user
Coccrint	Korea, Republic of	0	m	65654	user
mantrasiva	Italy	0	m	112517	user
bennick666	Germany	0	m	44910	user
pinkullifloyd	Germany	0	f	73470	user
miranta8	United Kingdom	0	f	113630	user
Nolwenndelacit	France	0	f	13147	user
y-b	Poland	0	m	65817	user
charasi	United Kingdom	0	m	101619	user
alamCRUX	United Kingdom	0	m	34225	user
meridian_summer	United Kingdom	0	m	47238	user
yelimS	Norway	0	m	70808	user
msbelci	Slovenia	0	f	21852	user
juliehaagensen	Norway	0	n	4283	user
grbazoid	Serbia	0	m	15065	user
afrfro	Czech Republic	0	f	21692	user
Opule	Czech Republic	0	m	161940	user
TheVortex720	Russian Federation	0	m	23713	user
s1rgey	Russian Federation	0	m	29254	user
DeeJayDziki	Poland	0	m	52091	user
dr_kant	France	0	m	39433	user
MNMMartin	Czech Republic	0	m	243795	user
Capinkovata	Czech Republic	0	f	36640	user
AtomicTwilight0	Poland	0	f	20800	user
bogdanlitvin	Russian Federation	0	m	68994	user
ws357	Russian Federation	0	m	42578	user
generous_jew	Russian Federation	0	m	26479	user
masha_Fedotova	Russian Federation	0	f	27792	user
Mario12health	Russian Federation	0	m	6730	user
zaharoff0	Russian Federation	0	n	105828	user
Allerion_AW	Belarus	0	m	35211	user
Mishanya-Modest	Russian Federation	0	m	22745	user
mellanch	Russian Federation	0	f	55827	user
AhoiPhil	Germany	0	n	84330	user
chienpablo	Argentina	0	m	35696	user
purparachita	Colombia	0	f	308342	user
chuchoamezcua	Mexico	0	m	59748	user
shadowsflower	Slovakia	0	m	21947	user
overlordamigos	Ukraine	0	f	16671	user
Chopped-InHalf	Croatia	0	f	3711	user
Giovannablack	Italy	0	f	3660	user
arcticmuse93	Italy	0	m	102442	user
n-dyedinthewool	Chile	0	f	7161	user
urgetomurder	Chile	0	m	323068	user
orijinall	Turkey	0	m	102349	user
Queenofmorket	Norway	0	f	1431	user
Mike_WTFsky	Venezuela	0	m	113030	user
ia666	Poland	0	m	67482	user
maic0l	Poland	0	m	56774	user
mudhuh	Poland	0	m	169474	user
Pottertonto	Chile	0	m	25676	user
junkymike	Russian Federation	0	m	90357	user
daniworldstar	Thailand	0	f	63249	user
Ekureiru	Luxembourg	0	n	68781	user
IronKitty	Russian Federation	0	f	13073	user
SamSlipknot	Iran, Islamic Republic of	0	m	54991	user
mirriaam	Iran, Islamic Republic of	0	f	35900	user
mahsa-s	Iran, Islamic Republic of	0	f	14404	user
HearTbeaT139	Germany	0	m	79659	user
xKaffee	Germany	0	m	10970	user
thepickless	Japan	0	m	45211	user
Yeyesse	Costa Rica	0	n	3921	user
Teyenk	Indonesia	0	m	56583	user
thegreatpretend	Germany	0	m	3243	user
pure_sativa	Poland	0	f	15972	user
fschroer	Netherlands	0	m	120718	user
melissinhasamsa	Costa Rica	0	n	73774	user
motodoc	Poland	0	m	1822	user
ayureinda	Indonesia	0	f	5080	user
lukasz_pulawski	United Kingdom	0	m	125855	user
Couixin	Mexico	0	m	42123	user
costas1908	Greece	0	m	19331	user
duse-g	Turkey	0	f	6676	user
AuroraUniversum	Venezuela	0	f	16106	user
buzzshit	Russian Federation	0	m	116912	user
xcherrycomax	Germany	0	f	19153	user
as_hopedies	Germany	0	m	136423	user
silent--tom	Indonesia	0	m	168668	user
beyond_subhro	India	0	m	8863	user
DeamonesOfMetal	Germany	0	f	44648	user
Brightstar182	Germany	0	m	96675	user
ptrnabs	Indonesia	0	f	13616	user
syllaharahap	Indonesia	0	f	21496	user
AriefPR	Indonesia	0	m	23233	user
faishalabid	Indonesia	0	m	194579	user
nadiasy	Indonesia	0	f	19763	user
ardoaritonang	Indonesia	0	m	9717	user
killuaxel	Indonesia	0	m	21395	user
indistinctdeer	Belgium	0	m	39339	user
giselaswaragita	Indonesia	0	f	27566	user
rarakeynes	Indonesia	0	f	69994	user
Fiean	Indonesia	0	m	27932	user
delasss	Indonesia	0	f	6407	user
ganissatanica	Indonesia	0	m	24949	user
picunis	Mexico	0	f	2302	user
LAST.HQ	United Kingdom	0	n	303156	user
hellonanana	Indonesia	0	f	55282	user
Sirius1125	Germany	0	m	54608	user
kenos_	Italy	0	m	11337	user
alfonzoloya	Mexico	0	m	122020	user
Olexii_Kazakov	Ukraine	0	m	254935	user
aysur34	Mexico	0	n	1131	user
anamuruzabal	Spain	0	f	1851	user
EndOfHumanity_	Mexico	0	f	13790	user
myheartbeat_	Portugal	0	n	73127	user
Kotgesicht	Germany	0	n	4287	user
OfficerLykke	Denmark	0	n	102499	user
DunklenHerr	Sweden	0	m	25173	user
shelby87	Turkey	0	f	66561	user
intoxicatedoll	Turkey	0	f	104891	user
NaganoJPN	Turkey	0	m	4342	user
cstrife_ff7	Austria	0	m	5800	user
fluschy	Austria	0	m	41194	user
FrannieRC	Italy	0	m	79084	user
sea-sick	Australia	0	n	8551	user
nonebecoming	Turkey	0	m	27484	user
akanker	Turkey	0	m	29974	user
666Warlock666	Austria	0	m	46296	user
ottorwaefre	Turkey	0	m	28971	user
hediyeusta	Turkey	0	n	14709	user
nihalacun	Turkey	0	f	27630	user
ValenRigby	Argentina	0	f	16289	user
AnneChalot	France	0	f	36667	user
AfterDark27	Germany	0	m	158314	user
hardyzbest	Germany	0	m	31516	user
bedroomscape	Korea, Republic of	0	n	1472	user
cross-hedge	Germany	0	m	29767	user
pxele	Poland	0	f	27437	user
menwithnocurfew	United Kingdom	0	m	15416	user
xspamx	United Kingdom	0	m	88956	user
Alegzha	Ukraine	0	m	80920	user
Uneaba	Norway	0	f	69930	user
Darth_Georg	Norway	0	m	2971	user
Glaeneyen	Poland	0	f	35574	user
ingvildJosefine	Norway	0	f	49834	user
cristetris	Norway	0	f	16531	user
michalkliment	Czech Republic	0	m	123856	user
disen	Czech Republic	0	f	92050	user
richpr	Canada	0	m	149441	user
Syndicate_HC	Gibraltar	0	m	53382	user
Modul_Alex	Germany	0	m	63497	user
anaisbg85	Spain	0	f	26592	user
mequetrefe	Spain	0	m	14078	user
OrdinaryVisitor	Czech Republic	0	m	19209	user
fleurinka24	Czech Republic	0	f	111191	user
MrocznyTapczan	Poland	0	m	24550	user
Beta_Juiletta	Czech Republic	0	f	12783	user
witch_possessed	Bangladesh	0	m	64999	user
anna_annam	Ukraine	0	f	13455	user
babaVarya	Ukraine	0	f	120026	user
Mic_28	Japan	0	n	116700	user
W_ild	Belarus	0	f	58504	user
LeOneAndOnly	France	0	m	15131	user
Tapasco95	Colombia	0	m	53749	user
RatedD	Venezuela	0	m	44943	user
stereosensitivo	Chile	0	m	112022	user
ndramos	Chile	0	f	188901	user
dandyTHEstrange	Slovakia	0	f	50704	user
kristinvogl	Slovakia	0	f	22289	user
immuff	Poland	0	f	18651	user
IanThrash	Argentina	0	m	55275	user
Olexii_Kazakov	Ukraine	0	m	254936	user
Thorzhevskyi88	Ukraine	0	m	10194	user
lutenshi	Italy	0	f	15045	user
im2424	Mongolia	0	m	45151	user
maskofself-hate	Chile	0	n	40231	user
exe00	Chile	0	m	122280	user
antikmozaik	Turkey	0	n	15209	user
psycstudent	Canada	0	m	58614	user
squstion	Cook Islands	0	m	53657	user
kasiarusil	Poland	0	f	16474	user
pepeusz	Poland	0	m	152346	user
MarekRacki83	Poland	0	m	1996	user
juanoxd	Chile	0	m	34216	user
entito	Chile	0	m	25139	user
dianaffh	Indonesia	0	f	14866	user
Frustrerte	Ireland	0	m	42000	user
boybnd	Iran, Islamic Republic of	0	m	22125	user
mohammadk	Iran, Islamic Republic of	0	m	17153	user
artinOv	Iran, Islamic Republic of	0	m	58295	user
dance_2000	Japan	0	m	43003	user
ludithor	Costa Rica	0	m	96857	user
dionAdy	Indonesia	0	m	5829	user
pet_shop_boys	Sweden	0	m	325365	user
rewirefestival	Netherlands	0	n	33417	user
mitxael	Italy	0	m	40289	user
alessandrosolis	Costa Rica	0	m	105914	user
Anju04	Indonesia	0	m	8634	user
DamanikMukti	Indonesia	0	m	77737	user
KariOnti	Mexico	0	f	63575	user
anika8	Poland	0	f	18059	user
hdnoiseju	Sweden	0	m	19741	user
Turkishunicorn2	Turkey	0	f	89199	user
Alex_Fuck	Hungary	0	m	30888	user
jackohallo	Germany	0	f	78325	user
TheLolita	Czech Republic	0	f	22717	user
DividerOfShadow	Croatia	0	m	9361	user
pidekin	Japan	0	m	33899	user
SaulCLRadiohead	Mexico	0	m	36854	user
wojtek-ww	Poland	0	n	229984	user
codycreepster	Mexico	0	m	8282	user
marylein90	Germany	0	f	132919	user
JRiesco	Canada	0	f	39545	user
An_ndy	Mexico	0	f	19239	user
SpaceGorgon	Spain	0	f	19358	user
yamillevegan	Mexico	0	f	42424	user
Head_Strong	Germany	0	f	80251	user
iprayforplagues	Poland	0	f	34406	user
Frederik-Bosch	Denmark	0	m	11143	user
ElisabethBathor	Serbia	0	f	64662	user
clearskies	Ireland	0	n	125112	user
Zarachmalnik	Germany	0	m	9823	user
bordeauxrot	Austria	0	m	15287	user
mcpinkboots	Canada	0	f	9396	user
charlotteblume	Hong Kong	0	f	26383	user
haddrox	Turkey	0	m	5351	user
urltaken	Turkey	0	m	76175	user
Enjoythebeat	Spain	0	m	63640	user
Franco_Sorgio	Argentina	0	m	27360	user
Poison_Extract	Belarus	0	f	49969	user
YungShuChen	Poland	0	m	9663	user
Larsao3	Norway	0	m	25736	user
blanchard80	Croatia	0	m	23766	user
okcesar	Colombia	0	m	29718	user
gfiolo	Czech Republic	0	m	92212	user
Ksush_Babaskina	Czech Republic	0	f	36460	user
Violino26	Italy	0	f	14783	user
Screecher	Canada	0	n	71378	user
xplodmusic	Croatia	0	m	112788	user
Arczzi	Poland	0	m	29111	user
thom_vest	Norway	0	m	21553	user
piotresk8	Poland	0	m	85188	user
calanthe_	Turkey	0	f	1772	user
I_am_shoked	Ukraine	0	n	43473	user
dmitriy___art	Ukraine	0	m	4263	user
mightbeproud	Poland	0	f	16752	user
obzidian	Canada	0	m	19765	user
AndroidRanger	Venezuela	0	m	91154	user
manzanap0drida	Mexico	0	f	82440	user
kike_urbina	Colombia	0	m	35940	user
simetrico	Chile	0	m	155019	user
ALEXANDERMOBY	Chile	0	m	100009	user
Kajzerkomirko	Czech Republic	0	m	23241	user
pucmelounuvsvet	Czech Republic	0	m	23268	user
leonardburner	Slovakia	0	m	8441	user
xvaluuux	Chile	0	f	21742	user
dream_designer	Belarus	0	m	386052	user
Aqib85	Bangladesh	0	m	9254	user
Crissinor	Italy	0	m	1668	user
keisukebaba	Japan	0	m	41837	user
sonya_sd	Serbia	0	f	135227	user
jtsn_	Chile	0	f	37050	user
excalith	Turkey	0	m	32650	user
niko_1516	Chile	0	m	67100	user
Miguel_Choo	Chile	0	m	8643	user
mojgan86	Iran, Islamic Republic of	0	f	6842	user
Sl-lAl-lIN	Iran, Islamic Republic of	0	m	1501	user
sakimu-Ra	Japan	0	m	38661	user
syokuen3	Japan	0	f	29568	user
Yeyesse	Costa Rica	0	n	3922	user
casparge	Netherlands	0	m	64013	user
DieMaus94	Costa Rica	0	m	21502	user
rj2605	Costa Rica	0	m	81377	user
Javiero_indie	Chile	0	m	57298	user
Dumitru_Istrati	Romania	0	m	52513	user
lyckopiller	Sweden	0	n	60851	user
CanadianUnicorn	Canada	0	f	5354	user
BojanK85	Bosnia and Herzegovina	0	m	59353	user
brigitakis	Lithuania	0	f	3439	user
Lord_Ayami	Mexico	0	m	42446	user
YoJK	Moldova	0	m	40482	user
IllBiskits	France	0	m	34168	user
Bloodmeat001	South Africa	0	m	27566	user
darakan	Czech Republic	0	m	117043	user
autumnwinds	Argentina	0	m	50190	user
DunklenHerr	Sweden	0	m	25174	user
IvanIndustry	Spain	0	m	70652	user
funkytechnician	Singapore	0	m	207939	user
mouldymould	Ireland	0	m	63857	user
kubrickswhore	Turkey	0	f	11464	user
odunov	Turkey	0	m	28838	user
lycanthropyy	Canada	0	f	26789	user
the-white-rose	Spain	0	f	88185	user
EddieCobra	Norway	0	m	83761	user
shreddiesSH	Canada	0	m	70574	user
ivana2297	Czech Republic	0	f	11733	user
Namidzaki	Czech Republic	0	m	39891	user
JimmHardcore	South Africa	0	m	1887	user
reett-	Finland	0	f	21681	user
gloomymetal	Turkey	0	m	168190	user
MakaveliNRFP	Turkey	0	m	71869	user
3579km	Ukraine	0	m	143061	user
ohnoiamzombie	Ukraine	0	m	11955	user
gmottadiaz	Colombia	0	m	39230	user
cripsay	Czech Republic	0	m	14092	user
fajnys	Czech Republic	0	f	25742	user
stanci	Slovakia	0	f	77796	user
numberPHI	Slovakia	0	m	21062	user
micabezaexplota	Chile	0	m	17886	user
Tarrrot	Belarus	0	m	24454	user
kate_rcat	Belarus	0	f	11967	user
Woodstock-Lover	Bangladesh	0	f	78269	user
lutenshi	Italy	0	f	15046	user
sczuka1690051	Japan	0	n	6998	user
seawolfie22	Seychelles	0	n	4448	user
nemanjar	Serbia	0	m	5051	user
ferisdead	Argentina	0	f	50372	user
noxlives	Chile	0	m	69561	user
rocky0	Finland	0	m	79037	user
nicoecr	Chile	0	m	2850	user
NicoAndres	Chile	0	m	215663	user
poptil_alvaro	Chile	0	m	84925	user
Phausto	Spain	0	m	55895	user
zahrashams	Iran, Islamic Republic of	0	f	36073	user
Moje2100	Iran, Islamic Republic of	0	m	42296	user
Reckless_Py	China	0	f	78106	user
parastook	Iran, Islamic Republic of	0	f	2668	user
marianasabian	Argentina	0	f	35270	user
crlx	Costa Rica	0	m	33368	user
annabeatle	Chile	0	f	13357	user
matildabj	Sweden	0	f	31098	user
wendybalsam	Sweden	0	f	49965	user
cinderella24	Ukraine	0	f	9738	user
Ernestas_Misery	Lithuania	0	m	2804	user
PetitSagittaire	France	0	m	62004	user
One-NightStand	Iran, Islamic Republic of	0	m	23744	user
-KATRINKA-	Australia	0	f	5408	user
Universe-FM	Greece	0	m	101184	user
AgahMhmt	Turkey	0	m	25281	user
mikobagdarrell	Turkey	0	m	26224	user
matyasir	Canada	0	m	22187	user
wathws	Canada	0	m	42267	user
EzkerraTosta	Spain	0	n	28003	user
-Samutin-	Finland	0	m	250159	user
GrimArts	Slovenia	0	n	53662	user
gizembalca	Turkey	0	f	11615	user
rayman36	Ukraine	0	m	29257	user
sanvolik	Ukraine	0	m	28822	user
darkclown2	Colombia	0	m	132648	user
CyberneticYouth	Antarctica	0	m	15455	user
angeel88	Mexico	0	m	74660	user
Trollumbo	Slovakia	0	m	21548	user
Elis123	Slovakia	0	f	216027	user
c00key	Slovakia	0	m	64813	user
Vichoko	Chile	0	m	75357	user
doomhymns	Chile	0	m	134536	user
evgenist	Belarus	0	m	13345	user
HayrVay	France	0	m	73197	user
Ales_Guzik	Belarus	0	m	11481	user
CeskiMrav	Serbia	0	f	27182	user
Simlun	Sweden	0	m	18876	user
Tardoliel	Serbia	0	f	6787	user
AmapolaRocio	Chile	0	f	10825	user
leogam	Chile	0	m	70661	user
agustivizcarra	Argentina	0	f	18916	user
Ozkus	Finland	0	m	120130	user
Frank_War	Chile	0	m	64645	user
stratusfied_	Chile	0	m	342184	user
Zoldberg_	Ukraine	0	m	336234	user
theblackdog33	Spain	0	m	3929	user
phf-amir	Iran, Islamic Republic of	0	m	6376	user
Reza_Shahbazi	Iran, Islamic Republic of	0	m	20477	user
feleydoon	Iran, Islamic Republic of	0	m	1286	user
mn_hossein_x	Iran, Islamic Republic of	0	m	68839	user
nachalloween	Chile	0	f	54615	user
AerialSpace	Singapore	0	m	9792	user
JDest	Costa Rica	0	m	176337	user
CBryant	Norway	0	m	737798	user
Marine280395	Belgium	0	f	6995	user
OmegaAbsolution	Peru	0	m	92571	user
9Nails	Norway	0	m	209581	user
FukkNorris	France	0	m	116563	user
CapricornSun33	France	0	m	27452	user
cumcii	Turkey	0	m	66320	user
Awfulest	Chile	0	m	54796	user
Mufiz	Finland	0	m	72738	user
Soultaker_	Slovenia	0	m	107270	user
Bronskosos	France	0	m	65455	user
ghemison	Italy	0	m	155177	user
badicek	Slovakia	0	m	101178	user
DusanVanco	Slovakia	0	m	4312	user
titan2589	Slovakia	0	f	85676	user
luxul	Slovakia	0	f	54904	user
ceo10kaday	Ireland	0	m	27484	user
Sheet_bound	Antarctica	0	n	96057	user
Naaghar	Belarus	0	m	20801	user
MasterJus	Belarus	0	m	41334	user
antono	Belarus	0	m	117859	user
dreamxawake	Bosnia and Herzegovina	0	f	13192	user
christianoR	Australia	0	m	183662	user
xfirstbreathx	Chile	0	m	74691	user
shutae	Argentina	0	f	25550	user
sodahime	Finland	0	f	2734	user
playlist_fdo	Chile	0	m	123334	user
delegor	Chile	0	n	88188	user
TheRhythmInside	Sweden	0	f	4493	user
arezzzfrn	Iran, Islamic Republic of	0	f	3947	user
Naghmez	Iran, Islamic Republic of	0	f	21473	user
Zokamaiden	Chile	0	n	3084	user
Akakthrne	Chile	0	f	2398	user
DSCBoss	Sweden	0	m	465749	user
DAUPHlN	France	0	m	8595	user
adriamarcet	Spain	0	m	19895	user
nailsfm	France	0	m	3311	user
mehdi74	France	0	m	16137	user
xAng3luSx	Switzerland	0	m	161060	user
mohammadaqudah	Jordan	0	m	10077	user
n0nvmx	Namibia	0	f	120666	user
xxxKillianxxx	Czech Republic	0	m	174002	user
Hellbouned_	Slovenia	0	f	43994	user
Hofmann72	Slovakia	0	m	29927	user
mynameisnaty	Slovakia	0	f	5871	user
mimi2525	Japan	0	f	61077	user
tomololo01	Slovakia	0	m	53209	user
AsgarothX	Slovakia	0	m	20743	user
Matchenco	Slovakia	0	m	18597	user
ART__Smile	Belarus	0	m	82525	user
vaalidity	Belarus	0	m	2024	user
Sanchusan	Ukraine	0	m	54441	user
lukaa00	Croatia	0	m	34204	user
zachary_n	Australia	0	m	113213	user
lilsebastian666	Canada	0	m	4831	user
Underneatheskyy	Mexico	0	f	29559	user
DannieSpungen	Mexico	0	f	35946	user
Akorralada	Uruguay	0	f	16041	user
Dyjan	Finland	0	m	242155	user
Ozkus	Finland	0	m	120131	user
Unlovable_	Chile	0	f	1014	user
LisellF	Norway	0	f	18262	user
Zoldberg_	Ukraine	0	m	336235	user
Ferestade	Iran, Islamic Republic of	0	m	202579	user
pornostrum	Chile	0	n	7136	user
bmacf	Venezuela	0	m	26478	user
Santeador	Spain	0	m	1247	user
totynecka	Czech Republic	0	f	22029	user
baelortargaryen	Peru	0	m	10512	user
ironcyborg	Italy	0	m	1911	user
dzeibin	Canada	0	m	54841	user
er1k	Slovakia	0	m	121920	user
bobinka	Slovakia	0	f	53045	user
atmoravi	Belarus	0	m	67390	user
green_whirlpool	Belarus	0	m	25618	user
vikedlol	Ukraine	0	m	19604	user
redeyes-	Slovenia	0	f	143676	user
MimaMafi	Croatia	0	f	45886	user
Traumita	Mexico	0	m	62208	user
Baetter	Netherlands	0	n	21138	user
Gipito	Portugal	0	m	19603	user
stevo-leviathan	Uruguay	0	m	21158	user
NuWill	Uruguay	0	m	1446	user
Bandabanda	Finland	0	m	72029	user
jenndae	Finland	0	f	18887	user
Ye110w	Czech Republic	0	m	106079	user
UtsukushiiAkumu	Czech Republic	0	f	65055	user
HateRagePain	Paraguay	0	m	75464	user
Martin-Ferrer	Spain	0	m	79219	user
janka88	Slovakia	0	f	26242	user
havrancek	Slovakia	0	M	10513	user
hey_kat	Belarus	0	f	6691	user
MihajloZoric	Serbia	0	m	43226	user
tibijack	Ecuador	0	m	22930	user
LiL_Moky	Italy	0	f	64597	user
annisthenymph	Uruguay	0	f	31610	user
C0me-as-y0u-are	Uruguay	0	f	34684	user
xSTEFAx	Finland	0	m	59066	user
olliakselin	Finland	0	m	41269	user
NorthMetal666	Finland	0	m	9023	user
ladyvampyria	Czech Republic	0	f	36627	user
IsioliaGothica	Czech Republic	0	f	61151	user
Laverysten	Czech Republic	0	f	22963	user
halucigenia	Slovakia	0	f	23337	user
Yani4_Monkey	Belarus	0	m	28781	user
liambrother	Uruguay	0	m	132720	user
Sorenovia	Uruguay	0	m	22552	user
quisma88	Finland	0	m	187506	user
lucasthales	Antarctica	0	n	78296	user
acklezthegod	Finland	0	f	3350	user
Gogolacka	Czech Republic	0	f	58024	user
light_stiler	Belarus	0	m	61374	user
Gwydda	Finland	0	m	132460	user
mfs1369	Uruguay	0	m	132567	user
aberraatio	Finland	0	n	57865	user
spidberg	Turkey	0	m	20168	user
numberinthedark	Czech Republic	0	m	2899	user
TheMarketka	Czech Republic	0	f	18767	user
dexter6508	Ukraine	0	m	75598	user
Brabantze	Netherlands	0	f	7942	user
NeedsDeodorant	Finland	0	m	93155	user
francesca_82	Italy	0	f	56103	user
GudMen	Czech Republic	0	m	29808	user
Marankovazena	Czech Republic	0	n	67124	user
Clearka	Czech Republic	0	f	90109	user
leejmr	Denmark	0	m	46915	user
Alyx90	Czech Republic	0	f	10639	user
jakobalexander	Sweden	0	m	31948	user
dfdsadfdasas	Czech Republic	0	m	142490	user
czewy	Czech Republic	0	m	56866	user
kakoshi	Korea, Republic of	0	f	64070	user
miabarbir	Belgium	0	n	3161	user
